<?xml version="1.0" ?>
<resources>
    <string name="app_name">WeekendPlaner</string>
    <string name="action_settings">Settings</string>
    <string name="action_open">Open</string>
    <string name="action_close">Close</string>
    <string name="desc">Metallica is an American heavy metal band. The band was formed in 1981 in Los Angeles, California by drummer Lars Ulrich and vocalist/guitarist James Hetfield, and has been based in San Francisco, California for most of its career.[1][2] The groups fast tempos, instrumentals and aggressive musicianship made them one of the founding "big four" bands of thrash metal, alongside Megadeth, Anthrax and Slayer. Metallicas current lineup comprises founding members Hetfield and Ulrich, longtime lead guitarist Kirk Hammett and bassist Robert Trujillo. Guitarist Dave Mustaine (who went on to form Megadeth) and bassists Ron McGovney, Cliff Burton and Jason Newsted are former members of the band.Metallica earned a growing fan base in the underground music community and won critical acclaim with its first five albums.[3] The bands third album, Master of Puppets (1986), was described as one of the heaviest and most influential thrash </string>
    <string name="concert">Concert</string>
    <string name="bucursti_bulevardul_basarabia_37_39_national_arena">Bucursti-Bulevardul Basarabia 37-39-National Arena</string>
    <string name="_14_august_2019">14 August 2019</string>
    <string name="log_in">Log In</string>
    <string name="register">Register</string>
    <string name="code">code</string>
    <string name="get_code">Get Code</string>
    <string name="button">Button</string>
    <string name="choose_file">Choose file</string>
    <string name="enter_file_name">Enter file name</string>
    <string name="upload">Upload</string>
    <string name="firstname">Firstname</string>
    <string name="lastname">Lastname</string>
    <string name="phone_number">Phone number</string>
</resources>